sample	type	H_PeripheralBlood_Normal_Myeloid-DerivedSuppressorCell_29108995
TARGET_20_PAUHFI_09A_01R_RBS	KMT2A.Fusion	0.2664277567488522
TARGET_20_PAUHXN_03A_01R_RBS	RUNX1.RUNX1T1	0.6067873951262377
TARGET_20_PAUJCF_09A_01R_RBS	CBFB.MYH11	0.5339448904839081
TARGET_20_PAUJMC_09A_01R_RBS	unknown	-0.008296913929562657
TARGET_20_PAUJNJ_09A_01R_RBS	NUP98.Fusion	0.4172762539350236
TARGET_20_PAUKDH_09A_01R_RBS	RUNX1.RUNX1T1	-0.2808906588227712
TARGET_20_PAUKEZ_03A_01R_RBS	CBFB.MYH11	0.4722559245201527
TARGET_20_PAUKTH_09A_01R_RBS	PICALM.Fusion	0.25298692681143753
TARGET_20_PAULDS_09A_01R_RBS	RUNX1.RUNX1T1	0.44437772033002615
TARGET_20_PAULNJ_09A_01R_RBS	RUNX1.RUNX1T1	0.3043326972807921
TARGET_20_PAULRS_09A_01R_RBS	RUNX1.RUNX1T1	0.2822929269660441
TARGET_20_PAULSL_09A_01R_RBS	KMT2A.Fusion	0.44917286765704323
TARGET_20_PAULTY_09A_01R_RBS	NPM1	0.42979464737037454
TARGET_20_PAUMAD_09A_01R_RBS	ETS.Fusion	0.5623256712561489
TARGET_20_PAUMCV_03A_01R_RBS	unknown	0.2678968037273712
TARGET_20_PAUMGZ_09A_01R_RBS	NPM1	0.13016229483096922
TARGET_20_PAUMIH_09A_01R_RBS	CBFA2T3.GLIS2	0.5131445859643811
TARGET_20_PAUMJB_09A_01R_RBS	RUNX1.RUNX1T1	-0.2571454530085005
TARGET_20_PAUMMR_09A_01R_RBS	NUP98.Fusion	0.6270544423017028
TARGET_20_PAUMTZ_09A_01R_RBS	KMT2A.Fusion	0.570715332691471
TARGET_20_PAUMUZ_09A_01R_RBS	ETS.Fusion	0.5284669164228377
TARGET_20_PAUNBR_09A_01R_RBS	KMT2A.Fusion	0.5431233056210488
TARGET_20_PAUNDC_09A_01R_RBS	KMT2A.Fusion	0.3969578804509114
TARGET_20_PAUNHG_09A_01R_RBS	unknown	0.2685299308676738
TARGET_20_PAUNSV_09A_01R_RBS	CEBPA	0.5967772137315281
TARGET_20_PAUNTD_09A_01R_RBS	CBFA2T3.GLIS2	0.2679050284888428
TARGET_20_PAUNVJ_09A_01R_RBS	CEBPA	0.5175690187120235
TARGET_20_PAUNVK_09A_01R_RBS	RUNX1.RUNX1T1	-0.12724023180000552
TARGET_20_PAUNYL_09A_01R_RBS	KMT2A.Fusion	-0.12966492340667213
TARGET_20_PAUPDB_03A_01R_RBS	NUP98.Fusion	0.46569441353527535
TARGET_20_PAUPIY_09A_01R_RBS	NUP98.Fusion	0.5929693478142548
TARGET_20_PAUPPD_03A_01R_RBS	KMT2A.Fusion	0.6235089439750056
TARGET_20_PAUPYX_03A_01R_RBS	KMT2A.Fusion	0.06407933320371369
TARGET_20_PAURDN_09A_01R_RBS	NUP98.Fusion	0.6224150091660519
TARGET_20_PAURJK_09A_01R_RBS	unknown	0.04179977065147698
TARGET_20_PAURJZ_09A_01R_RBS	RUNX1.CBFA2T3	0.39130274368928125
TARGET_20_PAURLB_09A_01R_RBS	NPM1	0.30889574719676427
TARGET_20_PAURUT_09A_01R_RBS	CEBPA	0.26285920282223585
TARGET_20_PAURVI_09A_01R_RBS	RUNX1.RUNX1T1	0.045237251855404385
TARGET_20_PAURWH_09A_01R_RBS	CBFB.MYH11	0.25859495338487515
TARGET_20_PAUSBA_09A_01R_RBS	KMT2A.Fusion	0.42850298387330044
TARGET_20_PAUSBK_09A_01R_RBS	KMT2A.Fusion	0.517523570726074
TARGET_20_PAUSBP_09A_01R_RBS	KMT2A.Fusion	0.6187863159599597
TARGET_20_PAUSCS_09A_01R_RBS	UBTF	0.3848115807142639
TARGET_20_PAUSFM_09A_01R_RBS	KMT2A.Fusion	0.029039806431652944
TARGET_20_PAUSKR_09A_01R_RBS	KMT2A.Fusion	0.5841249000651941
TARGET_20_PAUTIK_09A_01R_RBS	RUNX1.RUNX1T1	0.44845756389850516
TARGET_20_PAUTJD_03A_01R_RBS	KMT2A.Fusion	0.5341670246901778
TARGET_20_PAUTVU_09A_01R_RBS	RBM15.MRTFA	0.47135312753528663
TARGET_20_PAUTWE_09A_01R_RBS	NUP214.Fusion	0.16835496850826567
TARGET_20_PAUUHV_09A_01R_RBS	KMT2A.Fusion	0.5598871785346963
TARGET_20_PAUUKK_09A_01R_RBS	CREBBP.KAT6A	0.4881283370158807
TARGET_20_PAUUKZ_03A_01R_RBS	unknown	0.2710970133524261
TARGET_20_PAUUMZ_03A_01R_RBS	CBFB.MYH11	0.6093848401343738
TARGET_20_PAUUPR_09A_01R_RBS	ETS.Fusion	0.3436477006295087
TARGET_20_PAUUTI_09A_01R_RBS	CEBPA	0.33140026388163235
TARGET_20_PAUUTI_09A_01R_replicate	CEBPA	0.36982913937331785
TARGET_20_PAUUWT_09A_01R_RBS	CEBPA	0.5289575773922927
TARGET_20_PAUUXA_09A_01R_RBS	KMT2A.Fusion	0.35681620912851947
TARGET_20_PAUUZT_09A_01R_RBS	RUNX1.RUNX1T1	0.4167207321858306
TARGET_20_PAUVAT_09A_01R_RBS	MLLT10.NAP1L1	0.521805222202802
TARGET_20_PAUVBS_09A_01R_RBS	KMT2A.Fusion	-0.09392298292553605
TARGET_20_PAUVBZ_09A_01R_RBS	unknown	-0.2047586607401723
TARGET_20_PAUVEF_09A_01R_RBS	UBTF	0.5405543405239105
TARGET_20_PAUVGD_09A_01R_RBS	NUP98.Fusion	0.43852158033657884
TARGET_20_PAUVIB_09A_01R_RBS	KMT2A.Fusion	0.4873425072365773
TARGET_20_PAUVIB_09A_01R_replicate	KMT2A.Fusion	0.5238429963152273
TARGET_20_PAUVMN_09A_01R_RBS	CEBPA	0.3963679002602154
TARGET_20_PAUVPP_09A_01R_RBS	unknown	0.04459105847760048
TARGET_20_PAUVWV_09A_01R_RBS	KMT2A.Fusion	0.1406458909278971
TARGET_20_PAUVXT_03A_01R_RBS	KMT2A.Fusion	0.6025759098205982
TARGET_20_PAUVXU_03A_01R_RBS	KMT2A.Fusion	0.5822834084617636
TARGET_20_PAUVZD_09A_01R_RBS	NUP98.Fusion	0.22655762050433295
TARGET_20_PAUWCF_09A_01R_RBS	unknown	0.5815723031286936
TARGET_20_PAUWEW_09A_01R_RBS	CBFB.MYH11	0.21241579196714
TARGET_20_PAUWFM_09A_01R_RBS	CBFA2T3.GLIS2	0.5505182425738134
TARGET_20_PAUWHF_03A_01R_RBS	KMT2A.Fusion	0.29068296696407
TARGET_20_PAUWKY_09A_01R_RBS	unknown	0.43704447438759336
TARGET_20_PAUWUZ_09A_01R_RBS	KMT2A.Fusion	0.6191960392788813
TARGET_20_PAUWYR_09A_01R_RBS	KMT2A.Fusion	0.36844872096737585
TARGET_20_PAUWYZ_09A_01R_RBS	CEBPA	0.4287633545692245
TARGET_20_PAUXCD_09A_01R_RBS	CBFB.MYH11	0.2741228060903435
TARGET_20_PAUXKI_09A_01R_RBS	RUNX1.RUNX1T1	0.042019375222659264
TARGET_20_PAUXNH_09A_01R_RBS	RUNX1.RUNX1T1	0.47054887952405156
TARGET_20_PAUXYG_09A_01R_RBS	UBTF	0.49210946511026515
TARGET_20_PAUYAE_09A_01R_RBS	NPM1	0.45010275696717805
TARGET_20_PAUYDT_09A_01R_RBS	NPM1	0.6107690344574195
TARGET_20_PAUYEV_09A_01R_RBS	RUNX1.RUNX1T1	0.27266551027076824
TARGET_20_PAUYHR_09A_01R_RBS	ETS.Fusion	0.3443872548769577
TARGET_20_PAUYRR_09A_01R_RBS	NPM1	0.47562418899264375
TARGET_20_PAUYSN_09A_01R_RBS	unknown	0.23460018595962706
TARGET_20_PAUYUH_09A_01R_RBS	unknown	0.3413301792005991
TARGET_20_PAUZJJ_09A_01R_RBS	CBFA2T3.GLIS2	0.2207638013166096
TARGET_20_PAUZMH_09A_01R_RBS	NPM1	0.43776873685051815
TARGET_20_PAUZRX_09A_01R_RBS	RUNX1.RUNX1T1	0.6005060032410852
TARGET_20_PAUZRY_09A_01R_RBS	RUNX1.RUNX1T1	0.28465528330050804
TARGET_20_PAUZSY_09A_01R_RBS	unknown	-0.13462619783400465
TARGET_20_PAUZTH_09A_01R_RBS	KMT2A.Fusion	0.27485683093746754
TARGET_20_PAUZTM_09A_01R_RBS	unknown	0.32228629277916987
TARGET_20_PAUZVP_09A_01R_RBS	NUP214.Fusion	-0.080313067573725
TARGET_20_PAUZXP_09A_01R_RBS	unknown	-0.04034807814350207
TARGET_20_PAVACZ_09A_01R_RBS	KMT2A.Fusion	0.2076762812476289
TARGET_20_PAVAFA_03A_01R_RBS	NUP98.Fusion	-0.09767412877400489
TARGET_20_PAVAFJ_09A_01R_RBS	RUNX1.RUNX1T1	-0.0921715746122892
TARGET_20_PAVALI_09A_01R_RBS	ETS.Fusion	-0.2513460609465515
TARGET_20_PAVALK_09A_01R_RBS	KMT2A.Fusion	0.5177329111836385
TARGET_20_PAVANE_09A_01R_RBS	UBTF	-0.021116157510418905
TARGET_20_PAVANX_09A_01R_RBS	unknown	0.2145573681256411
TARGET_20_PAVAVV_09A_01R_RBS	CBFA2T3.GLIS2	0.12066958817188583
TARGET_20_PAVAWS_09A_01R_RBS	NUP98.Fusion	-0.14480388844925168
TARGET_20_PAVAYD_09A_01R_RBS	CBFB.MYH11	0.45261575259605447
TARGET_20_PAVBAY_09A_01R_RBS	RUNX1.RUNX1T1	0.5558902675561713
TARGET_20_PAVBCV_09A_01R_RBS	SPTBN1.ALK	0.36538616429065673
TARGET_20_PAVBEM_09A_01R_RBS	RUNX1.RUNX1T1	0.1706878805374819
TARGET_20_PAVBFN_09A_01R_RBS	RUNX1.DERA	0.10751258794346452
TARGET_20_PAVBIH_09A_01R_RBS	DDX3X.MLLT10	0.4690193995165629
TARGET_20_PAVBIY_09A_01R_RBS	KMT2A.Fusion	0.40549776324164727
TARGET_20_PAVBUX_09A_01R_RBS	KMT2A.Fusion	0.5571575792597812
TARGET_20_PAVBWL_09A_01R_RBS	CEBPA	0.37631078677521207
TARGET_20_PAVBYN_09A_01R_RBS	CEBPA	0.2242368026346664
TARGET_20_PAVBZM_09A_01R_RBS	NUP214.Fusion	0.40104415868315163
TARGET_20_PAVBZY_03A_01R_RBS	KMT2A.Fusion	0.5227171224091844
TARGET_20_PAVCJB_09A_01R_RBS	ETS.Fusion	0.39234703776174973
TARGET_20_PAVCMR_09A_01R_RBS	RUNX1.RUNX1T1	0.05940722318042116
TARGET_20_PAVCNG_09A_01R_RBS	CEBPA	0.6506189521097926
TARGET_20_PAVCNU_09A_01R_RBS	NUP98.Fusion	0.14509599420296954
TARGET_20_PAVCPM_09A_01R_RBS	NUP98.Fusion	0.14261424555476226
TARGET_20_PAVCVD_09A_01R_RBS	KMT2A.Fusion	0.1438067378899363
TARGET_20_PAVCWT_09A_01R_RBS	unknown	-0.12168245380657532
TARGET_20_PAVCZF_03A_01R_RBS	ELL.KMT2A	0.090278061226962
TARGET_20_PAVDAB_09A_01R_RBS	RUNX1.RUNX1T1	0.19480217641251252
TARGET_20_PAVDAJ_09A_01R_RBS	CEBPA	0.14131597584903474
TARGET_20_PAVDBK_09A_01R_RBS	RUNX1.RUNX1T1	0.07653054030342273
TARGET_20_PAVDBT_09A_01R_RBS	CBFB.MYH11	0.43552976221200645
TARGET_20_PAVDDA_09A_01R_RBS	RUNX1.RUNX1T1	-0.19987809258141767
TARGET_20_PAVDGM_09A_01R_RBS	KMT2A.Fusion	-0.26547338991736014
TARGET_20_PAVDNF_09A_01R_RBS	KMT2A.Fusion	-0.024967709183960483
TARGET_20_PAVDRG_09A_01R_RBS	NUP214.Fusion	0.32235347714417956
TARGET_20_PAVDVU_09A_01R_RBS	SPTBN1.ALK	0.2303718672973896
TARGET_20_PAVDVV_09A_01R_RBS	KMT2A.Fusion	0.3420078095111131
TARGET_20_PAVDXS_09A_01R_RBS	PICALM.Fusion	0.3426617266039905
TARGET_20_PAVDYE_09A_01R_RBS	KMT2A.Fusion	0.6225960082226903
TARGET_20_PAVDZI_09A_01R_RBS	KMT2A.Fusion	0.3729754381054067
TARGET_20_PAVDZK_09A_01R_RBS	MED14.HOXA11	0.19520401257886502
TARGET_20_PAVEAF_09A_01R_RBS	NUP98.Fusion	0.1532419367920503
TARGET_20_PAVEDT_09A_01R_RBS	NPM1	-0.13216743937783948
TARGET_20_PAVEEI_09A_01R_RBS	KMT2A.Fusion	0.5198956157759788
TARGET_20_PAVELC_09A_01R_RBS	MECOM	0.3671157400021918
TARGET_20_PAVELT_09A_01R_RBS	CBFB.MYH11	0.08974042173918408
TARGET_20_PAVEYP_09A_01R_RBS	CEBPA	0.16874761147088957
TARGET_20_PAVEZN_09A_01R_RBS	CEBPA	0.17670908935302232
TARGET_20_PAVFDW_09A_01R_RBS	NPM1	0.02356787492663291
TARGET_20_PAVFEM_09A_01R_RBS	unknown	0.5556267287840286
TARGET_20_PAVFWI_09A_01R_RBS	RUNX1.RUNX1T1	0.38996304833835116
TARGET_20_PAVGAM_09A_01R_RBS	unknown	0.3354194163607542
TARGET_20_PAVGBH_09A_01R_RBS	unknown	0.4825465978144432
TARGET_20_PAVGDM_09A_01R_RBS	NUP214.Fusion	0.5291206350161685
TARGET_20_PAVGEV_09A_01R_RBS	KMT2A.Fusion	0.08397849956634983
TARGET_20_PAVGIX_09A_01R_RBS	KMT2A.Fusion	0.20206510314828996
TARGET_20_PAVGJG_03A_01R_RBS	CBFB.MYH11	0.4996804750889699
TARGET_20_PAVGKS_09A_01R_RBS	KMT2A.Fusion	0.2434756644155169
TARGET_20_PAVGUM_09A_01R_RBS	NPM1	0.19231701360769063
TARGET_20_PAVHCV_09A_01R_RBS	CBFB.MYH11	0.34366148212886954
TARGET_20_PAVHLI_03A_01R_RBS	CBFB.MYH11	0.4022529861725421
TARGET_20_PAVHNV_09A_01R_RBS	KMT2A.Fusion	0.19780571749301168
TARGET_20_PAVHUF_09A_01R_RBS	NUP98.Fusion	0.6185452134567317
TARGET_20_PAVHWK_09A_01R_RBS	CBFB.MYH11	0.2933633364338658
TARGET_20_PAVHWK_09A_01R_replicate	CBFB.MYH11	0.3568725818916393
TARGET_20_PAVHWZ_03A_01R_RBS	RBM15.MRTFA	0.4004040188435614
TARGET_20_PAVIDD_03A_01R_RBS	KMT2A.Fusion	0.4136364579700106
TARGET_20_PAVIDJ_09A_01R_RBS	CBFB.MYH11	0.08476297051669804
TARGET_20_PAVIDK_09A_01R_RBS	KMT2A.Fusion	0.25689891969661044
TARGET_20_PAVIGB_09A_01R_RBS	KMT2A.Fusion	0.3217451989757709
TARGET_20_PAVINA_09A_01R_RBS	RUNX1.RUNX1T1	-0.13445616799636792
TARGET_20_PAVIRD_09A_01R_RBS	KMT2A.Fusion	-0.14791116009239902
TARGET_20_PAVIYH_09A_01R_RBS	KMT2A.Fusion	0.3186425928165244
TARGET_20_PAVIZK_03A_01R_RBS	CEBPA	0.4578552961151801
TARGET_20_PAVJIT_09A_01R_RBS	NUP214.Fusion	0.4790914461049334
TARGET_20_PAVJPL_09A_01R_RBS	unknown	0.5578139636832499
TARGET_20_PAVJRF_09A_01R_RBS	TCF4.ZEB2	0.4107429309776981
TARGET_20_PAVJVS_09A_01R_RBS	UBTF	0.21169445407800147
TARGET_20_PAVJXG_09A_01R_RBS	KMT2A.Fusion	-0.02360637214416574
TARGET_20_PAVKAU_03A_01R_RBS	KMT2A.Fusion	-0.2083107234016113
TARGET_20_PAVKEM_09A_01R_RBS	CBFB.MYH11	0.3779876294612233
TARGET_20_PAVKEX_09A_01R_RBS	KMT2A.Fusion	-0.11942873832650697
TARGET_20_PAVKJD_09A_01R_RBS	KMT2A.Fusion	0.3066136564011283
TARGET_20_PAVKJV_09A_01R_RBS	CEBPA	0.3642121433154799
TARGET_20_PAVKKI_03A_01R_RBS	NUP98.Fusion	0.18740860953470145
TARGET_20_PAVLDU_09A_01R_RBS	NPM1	0.563153848974231
TARGET_20_PAVLJH_09A_01R_RBS	CBFB.MYH11	0.3357971850699842
TARGET_20_PAVLWV_09A_01R_RBS	NPM1	0.36581819216518136
TARGET_20_PAVLYV_03A_01R_RBS	KMT2A.Fusion	0.5905352030203284
TARGET_20_PAVMEH_09A_01R_RBS	CEBPA	0.3909045087935755
TARGET_20_PAVMNA_09A_01R_RBS	UBTF	0.3367620093740832
TARGET_20_PAVNKI_09A_01R_RBS	CBFB.MYH11	0.21626026507038887
TARGET_20_PAVNUW_03A_01R_RBS	KMT2A.Fusion	0.10634652001098496
TARGET_20_PAVPFR_09A_01R_RBS	RUNX1.RUNX1T1	-0.012056351105221819
TARGET_20_PAVPKA_09A_01R_RBS	CBFA2T3.GLIS2	0.5764095425949821
TARGET_20_PAVRJP_09A_01R_RBS	KMT2A.Fusion	0.1667052173395164
TARGET_20_PAVRWU_09A_01R_RBS	UBTF	0.20667367274057893
TARGET_20_PAVSAN_09A_01R_RBS	CBFB.MYH11	0.23231479167989644
TARGET_20_PAVSFB_09A_01R_RBS	KMT2A.Fusion	0.646547940013865
TARGET_20_PAVSVU_09A_01R_RBS	unknown	0.004415142435065246
TARGET_20_PAVTDU_09A_01R_RBS	unknown	0.33243299828659456
TARGET_20_PAVTFI_03A_01R_RBS	CBFA2T3.GLIS2	0.5035849409879802
TARGET_20_PAVTLN_09A_01R_RBS	NPM1.MLF1	0.4517085900224139
TARGET_20_PAVTRM_03A_01R_RBS	NPM1	-0.054140282464051094
TARGET_20_PAVTRU_09A_01R_RBS	NUP98.Fusion	0.5654036205120091
TARGET_20_PAVTRU_09A_01R_replicate	NUP98.Fusion	0.5885291534831877
TARGET_20_PAVUAP_09A_01R_RBS	CBFB.MYH11	0.14798198265182774
TARGET_20_PAVUBN_09A_01R_RBS	SFPQ.ZFP36L2	0.21549513393036338
TARGET_20_PAVUGM_03A_01R_RBS	NUP214.Fusion	-0.1186892892395093
TARGET_20_PAVVAM_09A_01R_RBS	RUNX1.RUNX1T1	0.020833233480942855
TARGET_20_PAVVAT_09A_01R_RBS	NUP214.Fusion	0.3567369373077675
TARGET_20_PAVVKU_03A_01R_RBS	unknown	0.15902455904937843
TARGET_20_PAVWBW_09A_01R_RBS	KMT2A.Fusion	0.2986640291196312
TARGET_20_PAVWNG_09A_01R_RBS	RBM15.MRTFA	0.3376953053651639
TARGET_20_PAVWRN_09A_01R_RBS	PICALM.Fusion	0.31434027371578904
TARGET_20_PAVWVT_09A_01R_RBS	NUP98.Fusion	0.5077723191363677
TARGET_20_PAVXEB_09A_01R_RBS	ETS.Fusion	0.5134352405083135
TARGET_20_PAVXLY_03A_01R_RBS	KMT2A.Fusion	0.22462766702003323
TARGET_20_PAVZEC_09A_01R_RBS	ETS.Fusion	0.4654397867510806
TARGET_20_PAVZIB_09A_01R_RBS	CEBPA	0.17937147075505036
TARGET_20_PAWAMB_09A_01R_RBS	NUP98.Fusion	0.40334785542951684
TARGET_20_PAWAMM_03A_01R_RBS	CEBPA	0.47533102007847394
TARGET_20_PAWANV_09A_01R_RBS	CBFB.MYH11	0.55388839584313
TARGET_20_PAWBSE_09A_01R_RBS	CBFB.MYH11	0.44310289370381345
TARGET_20_PAWBSJ_09A_01R_RBS	RUNX1.RUNX1T1	0.2611087669940315
TARGET_20_PAWCCR_09A_01R_RBS	unknown	-0.315893904878481
TARGET_20_PAWCJK_09A_01R_RBS	NPM1	0.6402987621650154
TARGET_20_PAWDTX_09A_01R_RBS	unknown	-0.24828324348123457
TARGET_20_PAWEBG_09A_01R_RBS	KMT2A.Fusion	0.33796961228294137
TARGET_20_PAWECG_09A_01R_RBS	unknown	-0.22304646508719023
TARGET_20_PAWEKL_09A_01R_RBS	RUNX1.RUNX1T1	0.4107419831945183
TARGET_20_PAWENM_09A_01R_RBS	CBFB.MYH11	0.06291920633068086
TARGET_20_PAWEYY_09A_01R_RBS	KMT2A.Fusion	0.29130351392419945
TARGET_20_PAWEYY_09A_01R_replicate	KMT2A.Fusion	0.31646604594787486
TARGET_20_PAWFRK_09A_01R_RBS	unknown	-0.010406027306521017
TARGET_20_PAWHCT_09A_01R_RBS	KMT2A.Fusion	-0.12063019368658658
TARGET_20_PAWHFW_09A_01R_RBS	UBTF	0.37212424222572316
TARGET_20_PAWHJI_09A_01R_RBS	KMT2A.Fusion	0.12319485849357584
TARGET_20_PAWHKK_03A_01R_RBS	KMT2A.Fusion	0.4676112329861006
TARGET_20_PAWHML_09A_01R_RBS	CEBPA	0.5712512435331321
TARGET_20_PAWHRR_09A_01R_RBS	RUNX1.RUNX1T1	0.2873804325751467
TARGET_20_PAWHTL_03A_01R_RBS	CBFB.MYH11	-0.1575073778171872
TARGET_20_PAWIWJ_09A_01R_RBS	unknown	-0.11774651814303565
TARGET_20_PAWKGX_09A_01R_RBS	KMT2A.Fusion	0.6651021904190854
TARGET_20_PAWKJC_09A_01R_RBS	UBTF	0.0709770071864753
TARGET_20_PAWLEB_09A_01R_RBS	KMT2A.Fusion	0.5574970517697175
TARGET_20_PAWLKE_09A_01R_RBS	KMT2A.Fusion	0.4485029798850731
TARGET_20_PAWLUE_09A_01R_RBS	CBFB.MYH11	0.5407975882608007
TARGET_20_PAWLYM_09A_01R_RBS	NPM1	0.14894107608485377
TARGET_20_PAWMFY_03A_01R_RBS	KMT2A.Fusion	-0.08196649969414863
TARGET_20_PAWMKP_09A_01R_RBS	RUNX1.RUNX1T1	0.4183806542710064
TARGET_20_PAWNHW_09A_01R_RBS	CBFB.MYH11	0.18530413895629363
TARGET_20_PAWNPG_09A_01R_RBS	RUNX1.RUNX1T1	0.45542523475929303
TARGET_20_PAWNPU_09A_01R_RBS	KMT2A.Fusion	-0.1492025082067462
TARGET_20_PAWNYX_09A_01R_RBS	KMT2A.Fusion	-0.03899224350535604
TARGET_20_PAWPKR_03A_01R_RBS	KMT2A.Fusion	0.6841060951215191
TARGET_20_PAWPMA_09A_01R_RBS	unknown	0.08169181682127559
TARGET_20_PAWPVX_09A_01R_RBS	ETS.Fusion	0.4097205546472817
TARGET_20_PAWRPX_09A_01R_RBS	KMT2A.Fusion	0.6144637558813069
TARGET_20_PAWRVC_09A_01R_RBS	KMT2A.Fusion	0.6543945085884595
TARGET_20_PAWSHR_03A_01R_RBS	RUNX1.RUNX1T1	-0.07410797951163645
TARGET_20_PAWSJC_09A_01R_RBS	CBFB.MYH11	0.4738929986629592
TARGET_20_PAWSRG_09A_01R_RBS	CBFB.MYH11	0.198371419200061
TARGET_20_PAWTNN_09A_01R_RBS	KMT2A.Fusion	0.5265669384350338
TARGET_20_PAWTSD_09A_01R_RBS	KMT2A.Fusion	0.5638777069619338
TARGET_20_PAWTSD_09A_01R_replicate	KMT2A.Fusion	0.5689612583298956
TARGET_20_PAWTWW_09A_01R_RBS	KMT2A.Fusion	0.5166852702889696
TARGET_20_PAWTYT_09A_01R_RBS	NUP98.Fusion	0.6720054521776561
TARGET_20_PAWUAE_09A_01R_RBS	KMT2A.Fusion	0.30283521029073096
TARGET_20_PAWUMM_09A_01R_RBS	KMT2A.Fusion	0.5567088476033556
TARGET_20_PAWUNI_09A_01R_RBS	UBTF	0.5591273396867483
TARGET_20_PAWUTL_09A_01R_RBS	ETS.Fusion	0.5734619133717003
TARGET_20_PAWUUY_09A_01R_RBS	RUNX1.RUNX1T1	0.5194332794017908
TARGET_20_PAWUWJ_09A_01R_RBS	CEBPA	0.29430929269459327
TARGET_20_PAWVCG_09A_01R_RBS	KMT2A.Fusion	0.5059311052074907
TARGET_20_PAWVGF_09A_01R_RBS	CBFB.MYH11	0.5609185274705935
TARGET_20_PAWVGN_09A_01R_RBS	KMT2A.Fusion	0.48070693833018713
TARGET_20_PAWWCW_03A_01R_RBS	KMT2A.Fusion	0.03718733626295105
TARGET_20_PAWWEE_09A_01R_RBS	RUNX1.RUNX1T1	0.22806176920394716
TARGET_20_PAWWRG_09A_01R_RBS	KMT2A.Fusion	0.21813237643536337
TARGET_20_PAWWXU_09A_01R_RBS	RUNX1.RUNX1T1	0.17362155080093625
TARGET_20_PAWWZL_09A_01R_RBS	RUNX1.RUNX1T1	0.3727495777498474
TARGET_20_PAWXIA_09A_01R_RBS	CBFA2T3.GLIS2	0.24730951836480444
TARGET_20_PAWYJH_09A_01R_RBS	KMT2A.Fusion	0.5818943531943926
TARGET_20_PAWYNR_09A_01R_RBS	KMT2A.Fusion	0.30953668411557755
TARGET_20_PAWYZR_09A_01R_RBS	CBFA2T3.GLIS2	0.10784025015418282
TARGET_20_PAWZAU_09A_01R_RBS	CBFB.MYH11	0.044719780275739314
TARGET_20_PAWZAW_09A_01R_RBS	RUNX1.RUNX1T1	0.08472523248540723
TARGET_20_PAWZAX_09A_01R_RBS	KMT2A.Fusion	0.20451936193393722
TARGET_20_PAWZZN_09A_01R_RBS	CEBPA	0.3964846887463998
TARGET_20_PAXAXY_09A_01R_RBS	CEBPA	0.18891053299782165
TARGET_20_PAXBAZ_09A_01R_RBS	TEC.MLLT10	0.11913041075723758
TARGET_20_PAXCFI_03A_01R_RBS	UBTF	0.16672199110616612
TARGET_20_PAXCKK_09A_01R_RBS	KAT6A.CREBBP	-0.050458460942835966
TARGET_20_PAXCYN_09A_01R_RBS	KMT2A.Fusion	0.5139034683302253
TARGET_20_PAXDDY_09A_01R_RBS	CBFB.MYH11	-0.23326804333038004
TARGET_20_PAXDEG_09A_01R_RBS	unknown	-0.13639920074828948
TARGET_20_PAXDHL_09A_01R_RBS	NPM1	0.5680548549309868
TARGET_20_PAXDSN_09A_01R_RBS	KMT2A.Fusion	0.5666492759893216
TARGET_20_PAXDXW_09A_01R_RBS	NIPBL.HOXB9	0.1960507780835703
TARGET_20_PAXELP_09A_01R_RBS	RUNX1.RUNX1T1	0.1008188474782373
TARGET_20_PAXEPC_09A_01R_RBS	NPM1	0.019039811956690612
TARGET_20_PAXETC_09A_01R_RBS	KMT2A.Fusion	0.39498838314030255
TARGET_20_PAXGDG_09A_01R_RBS	CBFB.MYH11	0.3238724918262978
TARGET_20_PAXGGM_03A_01R_RBS	KMT2A.Fusion	0.2734997829381877
TARGET_20_PAXGHE_09A_01R_RBS	KMT2A.Fusion	0.45999135734736135
TARGET_20_PAXGIX_09A_01R_RBS	KMT2A.Fusion	0.23113527509742088
TARGET_20_PAXHPH_09A_01R_RBS	RBM15.MRTFA	0.3406958159005836
TARGET_20_PAXICE_09A_01R_RBS	KMT2A.Fusion	0.622868171498646
TARGET_20_PAXIFA_09A_01R_RBS	KMT2A.Fusion	0.3559746842989167
TARGET_20_PAXIJB_09A_01R_RBS	RUNX1.RUNX1T1	0.2231072025751094
TARGET_20_PAXISI_09A_01R_RBS	CEBPA	0.3603321573004526
TARGET_20_PAXJAA_09A_01R_RBS	PICALM.Fusion	0.1453413381703333
TARGET_20_PAXJFS_03A_01R_RBS	NUP98.Fusion	0.22328606743973317
TARGET_20_PAXJGA_09A_01R_RBS	CBFB.MYH11	0.22983286297223593
TARGET_20_PAXJMY_09A_01R_RBS	TCR.ZFP36L2	-0.3030977544771823
TARGET_20_PAXJXC_09A_01R_RBS	KMT2A.Fusion	0.5714931695716403
TARGET_20_PAXJZX_09A_01R_RBS	unknown	0.3564370736873061
TARGET_20_PAXKEZ_09A_01R_RBS	UBTF	0.091750925884359
TARGET_20_PAXLBH_09A_01R_RBS	RUNX1.RUNX1T1	0.5224478999459347
TARGET_20_PAXLDI_09A_01R_RBS	KMT2A.Fusion	0.30808450994963504
TARGET_20_PAXLEE_09A_01R_RBS	UBTF	0.5075633982140408
TARGET_20_PAXLGL_09A_01R_RBS	KMT2A.Fusion	0.20281293460927524
TARGET_20_PAXLHS_09A_01R_RBS	KMT2A.Fusion	0.2645435554134351
TARGET_20_PAXLWH_09A_01R_RBS	NUP98.Fusion	0.5506280538128171
TARGET_20_PAXMIJ_09A_01R_RBS	RUNX1.RUNX1T1	0.38287264594916287
TARGET_20_PAXMKT_09A_01R_RBS	CBFB.MYH11	0.5542464966534976
TARGET_20_PAXMLI_09A_01R_RBS	KMT2A.Fusion	0.5712801208301952
TARGET_20_PAXMLW_09A_01R_RBS	UBTF	0.487196904684916
TARGET_20_PAXMNR_09A_01R_RBS	KMT2A.Fusion	0.5390023558154836
TARGET_20_PAXMPG_09A_01R_RBS	ETS.Fusion	0.4572839244200519
TARGET_20_PAXWMS_03A_01R_RBS	NUP98.Fusion	0.46342668122783043
TARGET_20_PAXXBC_09A_01R_RBS	CBFB.MYH11	0.10816156319175121
TARGET_20_PAXXCX_09A_01R_RBS	CBFB.MYH11	0.12949678747759916
TARGET_20_PAYASV_09A_01R_RBS	NUP98.Fusion	0.18932961947909832
TARGET_20_PAYLLP_09A_01R_RBS	UBTF	0.018606159777219845
